feature,mean_log_loss_increase,repeat_std
coverage_type,0.012631952067869445,0.0008260334537043501
business_type,0.0008200019197683095,0.00024283724827285722
state,-0.0004346357268767531,0.00034973795512123696
payment_frequency,-4.2932482609214786e-05,0.00010919481169187754
vehicle_count,0.012163940805656425,0.0019070190295645971
vehicle_avg_age,-3.23502466060388e-05,3.7837891100340784e-05
driver_count,-0.00022494627857104764,0.0002900991796855706
driver_avg_age,2.261769150002646e-06,1.701664658422312e-06
years_in_business,0.0001574406006634499,0.00017631733224230355
prior_year_mileage_000,0.0017731385464522021,0.0006029562271094755
prior_apd_claim_count,0.0026227044429230186,0.0007817938178801045
prior_al_claim_count,0.0006092412449340779,0.00021792827479560553
prior_loss_amount,5.062495455533389e-05,0.00011345054265637136
deductible,0.00010568250569159554,6.636860155220963e-05
coverage_limit_000,7.305532850163666e-05,3.206003050624309e-05
annual_premium,-0.00014225884749911045,9.06693050939546e-05
risk_score_external,0.008747553271937113,0.0015181023838051649
num_heavy_vehicles,-0.0008841087045842189,0.00018238604160532082
